{"cameraMode":{"drawMode":0,"name":"Shaded","section":"Shading Mode"},"sceneLighting":true,"audioPlay":false,"sceneViewState":{"showFog":true,"showMaterialUpdate":true,"showSkybox":true,"showFlares":true,"showImageEffects":true,"showParticleSystems":true},"in2DMode":false,"pivot":{"x":-1.6800765991210938,"y":0.17576873302459718,"z":-2.9030158519744875},"rotation":{"x":-0.23489752411842347,"y":0.5383250713348389,"z":-0.15935993194580079,"w":-0.7934955954551697},"size":6.772920608520508,"orthographic":false}